School,Student Number,First Name,Middle Name,Last Name,Email
demo,D100000001,Clark,,Kent,clark.kent@designden.space
demo,D100000002,Bruce,,Wayne,bruce.wayne@designden.space
demo,D100000003,Diana,,Prince,diana.prince@designden.space
demo,D100000004,Barry,,Allen,barry.allen@designden.space
demo,D100000005,Hal,,Jordan,hal.jordan@designden.space
demo,D100000006,Arthur,,Curry,arthur.curry@designden.space
demo,D100000007,Victor,,Stone,victor.stone@designden.space
demo,D100000008,J'onn,,J'onzz,j'onn.j'onzz@designden.space
demo,D100000009,Oliver,Jonas,Queen,oliver.queen@designden.space
demo,D100000010,Dinah,,Drake,dinah.drake@designden.space
demo,D100000011,Sara,,Lance,sara.lance@designden.space
demo,D100000012,Billy,,Batson,billy.batson@designden.space
demo,D100000013,Kara,,Danvers,kara.danvers@designden.space
demo,D100000014,Barbara,,Gordon,barbara.gordon@designden.space
demo,D100000015,Dick,,Grayson,dick.grayson@designden.space
demo,D100000016,Damian,,Wayne,damian.wayne@designden.space
demo,D100000017,Lex,,Luthor,lex.luthor@designden.space
demo,D100000018,Jack,,Napier,jack.napier@designden.space
demo,D100000019,Harley,,Quinn,harley.quinn@designden.space
demo,D100000020,Selina,,Kyle,selina.kyle@designden.space
demo,D100000021,Edward,,Nygma,edward.nygma@designden.space
demo,D100000022,Tom,,Hardy,tom.hardy@designden.space
demo,D100000023,Uxas,,Apokolips,uxas.apokolips@designden.space
demo,D100000024,Slade,,Wilson,slade.wilson@designden.space
demo,D100000025,Zatanna,,Zatara,zatanna.zatara@designden.space
demo,D100000026,John,,Constantine,john.constantine@designden.space
demo,D100000027,Peter,,Parker,peter.parker@designden.space
demo,D100000028,Tony,,Stark,tony.stark@designden.space
demo,D100000029,Steve,,Rogers,steve.rogers@designden.space
demo,D100000030,Donald,,Blake,donald.blake@designden.space
demo,D100000031,Bruce,,Banner,bruce.banner@designden.space
demo,D100000032,Natasha,,Romanoff,natasha.romanoff@designden.space
demo,D100000033,Clint,,Barton,clint.barton@designden.space
demo,D100000034,Stephen,Vincent,Strange,stephen.strange@designden.space
demo,D100000035,Natalya,,Maximoff,natalya.maximoff@designden.space
demo,D100000036,Victor,,Shade,victor.shade@designden.space
demo,D100000037,Scott,,Lang,scott.lang@designden.space
demo,D100000038,Hope,Van,Dyne,hope.dyne@designden.space
demo,D100000039,Janet,Van,Dyne,janet.dyne@designden.space
demo,D100000040,T'Challa,,T'Chaka,t'challa.t'chaka@designden.space
demo,D100000041,James,,Howlett,james.howlett@designden.space
demo,D100000042,Scott,,Summer,scott.summer@designden.space
demo,D100000043,Jean,,Grey,jean.grey@designden.space
demo,D100000044,Ororo,,Munroe,ororo.munroe@designden.space
demo,D100000045,Charles,Francis,Xavier,charles.xavier@designden.space
demo,D100000046,Max,,Eisenhardt,max.eisenhardt@designden.space
demo,D100000047,Wade,,Wilson,wade.wilson@designden.space
demo,D100000048,Athanasios,,Dione,athanasios.dione@designden.space
demo,D100000049,Loki,,Laufeyson,loki.laufeyson@designden.space
demo,D100000050,Eddie,,Broke,eddie.broke@designden.space
demo,D100000051,Matt,,Murdock,matt.murdock@designden.space
demo,D100000052,Silver,,Surfer,silver.surfer@designden.space
